"Longitude","Latitude"
-77.35746257,45.88449638
-77.32499963,45.99984814
-73.47966819,41.75516339
-72.28774189,41.91125917
-72.54832577,41.97307359
-72.95949265,41.83954399
-72.44215695,41.78912952
-72.23170793,41.35213254
-72.7358675,41.99608966
-72.83189134,41.70047106
-72.33494508,41.88482977
-72.95457644,41.91053451
-72.52372424,41.77356555
-73.19605718,41.18637037
-73.19708159,41.1869561
-72.02936189,41.3451457
-72.69928921,41.91694889
-72.83891453,41.96387805
-72.03015106,41.34391802
-72.35239348,41.55835794
-73.42396381,41.98333409
-73.85463173,42.08610331
-72.61757723,42.53216703
-78.11568219,40.6581265
-75.69819639,39.57135142
-73.18089591,43.78293545
-71.73488518,41.80151806
-73.47832689,41.75343963
-73.11722941,41.33268841
-72.22623918,41.70475254
-72.12522545,41.79123457
-72.7011803,41.90620553
-72.70081155,41.90633947
-78.54064763,40.00059274
-72.26386181,41.88612482
-86.26485554,39.11483488
-87.99723507,32.6981606
-87.4445247,34.33851056
-87.44262667,34.33763033
-87.66191001,33.77291845
-87.49826587,31.53151265
-87.46086462,34.33017687
-87.73241932,32.59994301
-87.55802055,33.08135944
-87.7325727,32.59867075
-88.18318626,31.71566124
-86.44503801,33.56865987
-87.98391087,34.67236627
-86.28542944,33.94629225
-85.11129344,31.3588581
-94.3199327,33.17141973
-86.93297708,31.43996577
-86.03410691,31.88566882
-87.62021933,34.09479279
-80.85043524,35.2679143
-122.3307299,47.61080133
-90.55189409,38.52063331
-90.51979186,37.9919851
-90.68818263,38.63130344
-91.73092881,39.48989261
-90.68147701,38.13055374
-92.85065266,32.62193136
-83.51930724,35.06005198
-91.63965379,40.52097107
-90.4508152,38.56913749
-90.6800381,38.4983747
-92.78126119,37.96066454
-92.65998391,40.1197564
-92.63944595,40.12195136
-91.15179099,37.9508544
-91.35992225,39.70934953
-93.01815852,40.21898662
-93.01961592,40.22079812
-92.88870914,36.67897755
-93.82186519,36.59077144
-91.68928947,39.52109483
-90.29187,36.91966059
-92.16031405,37.76060475
-90.62088573,37.77060759
-94.14078813,40.0515435
-92.9983522,40.48176599
-92.28839982,36.58809567
-94.82802713,39.94179211
-94.03181019,40.27178355
-94.48932786,36.55090266
-93.46901846,36.81019593
-91.44156784,37.16008898
-91.28800317,37.41963226
-89.48070815,37.18939105
-92.55077781,39.24010866
-89.6382459,37.18987955
-91.90969361,37.80089807
-91.87129627,36.62030687
-91.29159461,36.79048149
-90.94175881,37.72983125
-89.95926508,37.17057741
-90.28160025,36.89001407
-90.27843542,36.89097771
-92.13134354,40.31081312
-91.87055728,36.61846307
-94.3900438,36.76080986
-90.29920198,37.80104987
-90.67879846,38.13017124
-90.67905796,38.12825255
-90.68033697,38.13114839
-90.92937758,37.82091787
-90.43057384,37.00087404
-90.97138525,37.22046151
-90.05855083,40.47974635
-94.54929955,38.98187422
-86.27893507,32.39020442
-86.27654715,32.38867192
-92.3218649,34.77063441
-84.41096035,33.83971999
-84.41873443,33.83101095
-85.26701853,37.98837834
-90.42197529,38.61008007
-92.03196773,37.82781463
-92.13373386,38.59368304
-71.58141144,43.22301929
-71.58176379,43.2230103
-73.78389325,42.61405789
-71.50075746,41.80754877
-86.81114104,36.05446791
-81.69622135,38.33227406
-81.6917596,38.35799886
-73.73108441,41.78645329
-79.36587399,39.94868691
-79.34958502,40.08217994
-77.03358479,39.03453968
-90.5174471,38.5009634
-90.24802289,37.49955968
-81.01626703,40.05150062
-79.40067833,41.70023459
-77.16751764,38.95192595
-90.69474103,38.57795878
-90.51707332,38.49854389
-90.61735451,38.25147279
-90.99918788,39.01547429
-84.71636542,39.55087561
-77.04738071,38.95238045
-77.04764353,38.95282241
-77.04478954,38.95046229
-77.04545899,38.95159395
-77.04580546,38.95245491
-77.04616745,38.95058685
-77.04573779,38.95048025
-77.047596,38.95048286
-77.04587583,38.95404164
-77.04625024,38.951785
-77.04798376,38.95426806
-77.04613816,38.95381424
-77.04656139,38.95264862
-77.0482214,38.9531253
-77.04578539,38.95237559
-77.04624321,38.95152245
-77.04684541,38.95418071
-77.0480148,38.9509408
-77.04503417,38.95232148
-77.04785635,38.9506963
-77.04750879,38.95196955
-77.04733996,38.9542758
-77.04646975,38.95412989
-77.04511193,38.95049173
-77.05111272,38.95143935
-77.04544182,38.95336011
-77.0447688,38.95368541
-77.04722663,38.95264891
-77.04723742,38.95354604
-77.04637851,38.95100088
-77.04506122,38.95370278
-77.04767969,38.95130184
-77.04798442,38.95295993
-77.04467145,38.95158676
-91.1806787,43.0949655
-91.18177132,43.09736946
-91.19223866,43.09978348
-91.21976677,43.10108751
-91.21940454,43.09964602
-91.18663138,43.09056004
-91.18672954,43.09433524
-91.19045836,43.09062073
-91.19026539,43.09230996
-91.18800063,43.07057388
-91.19252644,43.09420932
-91.1849748,43.07030631
-91.18944636,43.08207098
-91.21551622,43.09692011
-91.21310273,43.10028905
-91.21010321,43.1034257
-91.18345664,43.10754456
-91.21115131,43.10432185
-84.53919357,45.38291003
-84.16575996,45.31045536
-84.57025668,45.43703868
-84.19528233,45.14343668
-84.54416832,45.43072276
-72.83353899,40.77417038
-72.83470021,40.77549206
-83.76860766,35.52980826
-83.75747607,35.50802069
-83.75981554,35.51326645
-83.8024364,35.53084517
-83.8186049,35.52192439
-83.81049441,35.5131493
-83.81126804,35.50347875
-83.81068348,35.51117476
-83.78911461,35.54394199
-83.77207403,35.5309789
-75.45430606,40.0951554
-75.45750249,40.08740943
-75.46599097,40.08643732
-75.44196788,40.11540843
-75.44090406,40.10700976
-75.43742368,40.09890415
-75.45354389,40.09439788
-80.78261472,33.81419792
-80.78183549,33.81526077
-80.80049957,33.83216547
-80.77658014,33.81453876
-80.77067265,33.81210634
-80.76763613,33.8169457
-83.40012887,35.743109
-83.38485254,35.71819487
-83.8569938,35.59545437
-83.85728567,35.59740299
-83.80529472,35.61098483
-83.92366149,35.51652245
-83.85924381,35.58160625
-83.87109147,35.58149254
-83.82282856,35.61185409
-83.80469799,35.53979858
-83.79999519,35.54847284
-83.44459161,35.72992232
-83.44222471,35.72954946
-83.40605972,35.73178227
-83.38699642,35.70605273
-83.80409029,35.60658672
-83.13171794,34.93615083
-83.02100301,35.16773671
-83.18036862,35.07302845
-83.32515809,34.92115795
-83.3125224,34.79706101
-83.10147673,35.09946285
-82.57822702,35.20634867
-82.40079087,35.69513767
-82.17152535,35.82438608
-82.17284411,35.81319762
-82.16965165,35.82103357
-82.17073691,35.82607703
-82.17410523,35.82342523
-81.55284605,36.39522968
-79.90705101,35.49864708
-80.09968631,35.35244739
-83.37231558,35.02935341
-81.70573857,36.01697139
-82.18295332,35.74894745
-82.8525284,34.95774551
-81.68511972,35.58021701
-82.98563938,35.16482982
-82.99664478,35.17345479
-83.85027049,35.52707602
-83.92054357,35.60646346
-82.40035603,36.07601617
-83.51865393,35.32286496
-83.48700815,35.28701136
-83.51903063,35.32200297
-83.51969275,35.31162207
-81.30025488,36.49904647
-81.34260601,36.46181917
-83.52018248,35.31334509
-83.17966982,35.07782772
-83.13793143,34.76220868
-83.17648338,35.07682075
-80.33596239,33.19640957
-80.00231485,33.137152
-83.16522774,34.93696562
-83.28823972,34.7936376
-83.2510873,35.03055513
-83.30449679,34.80262182
-83.18674023,35.02352302
-83.33635266,34.77573112
-83.33178159,34.77303929
-83.16196671,35.02810696
-83.23666657,34.93395489
-83.22653717,34.95449305
-80.28014719,36.38713532
-78.17275902,34.48147245
-81.38434018,36.43414765
-83.51848803,35.33418427
-83.52033383,35.3328681
-81.06168145,36.44533577
-83.60861263,35.219391
-83.58833074,35.18575989
-83.58158412,35.20412272
-82.39508565,35.77701652
-83.56855297,35.23196881
-83.60415204,35.2202454
-83.06827006,35.00605358
-83.08110762,34.98952184
-83.35491633,34.80749194
-83.30106589,34.819354
-83.14317665,34.92394908
-82.3804682,36.07235285
-82.84137809,35.85671825
-82.259682,35.40813995
-82.89503963,35.92314159
-82.98573364,35.01099142
-83.02740422,35.08901384
-82.97935124,35.06368626
-83.01915807,35.09201211
-82.97721709,35.07264365
-82.98426315,35.02274348
-82.9902418,35.01638415
-83.03118012,35.08971025
-82.98192002,35.02765356
-83.02812947,35.06457846
-83.01839601,35.07785704
-82.99314735,35.02732734
-82.97508418,35.03756279
-83.03813472,35.08473077
-82.97779926,35.04034468
-82.98213467,35.03217145
-83.00413383,35.0935111
-82.96686911,35.01785343
-82.97358464,35.01782828
-82.99385715,35.04301385
-82.99393948,35.05992359
-82.98889622,35.04086464
-82.97574148,35.01627634
-83.01211604,35.07538392
-82.98877967,35.04105843
-83.01082499,35.073908
-83.01846867,35.05651312
-82.99872459,35.04417852
-82.97085011,35.01560676
-82.21451396,35.79434993
-82.17879384,35.82241924
-82.28328499,35.80283824
-82.18504064,35.81652122
-82.17301246,35.82214822
-82.16448976,35.81597756
-82.184365,35.82168839
-82.30432788,35.78375889
-82.34470218,35.75703725
-82.17606557,35.81641806
-82.17751237,35.82573075
-81.55358978,36.39144806
-83.78769862,35.54437191
-81.51073141,36.40981376
-81.5525811,36.3928752
-83.80758885,35.61138229
-81.46852114,36.40721783
-81.55560322,36.39266335
-79.95637592,35.30420746
-80.09624269,35.33067418
-80.08059076,35.41910715
-79.95063903,35.48305437
-81.94339059,35.92043417
-77.21430091,35.97498884
-83.52201495,35.32387001
-83.23539273,35.23043067
-83.61460096,35.08595199
-83.59305507,35.33429087
-83.52555366,35.03943345
-81.85603718,35.26526895
-81.41540712,35.65764404
-83.52054851,35.32139784
-83.37607499,34.75563127
-79.14048288,36.07981942
-81.08967509,35.30354277
-81.31815891,35.19352333
-82.95496703,35.09735977
-82.9557845,35.09661445
-79.71092821,33.04090091
-79.65472876,35.0662101
-83.08697891,34.98011716
-83.10291929,35.00526747
-83.11623711,34.99800233
-82.58448641,35.19939895
-82.85800505,35.9339914
-82.22156219,35.41743862
-82.25237929,35.43041847
-82.9134887,35.05067778
-79.35253305,35.11483781
-79.14835022,35.17650155
-79.26418764,35.1016986
-79.15089295,35.17327728
-79.45228405,34.99466576
-80.09719394,35.33394373
-80.0776353,35.37176541
-79.96860255,35.38732714
-79.90910061,35.62570969
-80.02630517,35.4177236
-80.02255412,35.41898175
-80.09179735,35.35988057
-79.81812974,35.50075214
-80.09219059,35.35967219
-80.08957557,35.30880141
-79.90174187,35.61632618
-80.2716128,35.5194912
-83.25831554,34.93464197
-83.59377997,35.2307774
-83.57637179,35.18747153
-83.59920182,35.198464
-83.59464458,35.19792466
-83.62166221,35.18208736
-82.16635267,35.79910774
-78.66740229,36.00048869
-79.00744251,35.98278846
-79.02122716,36.07909309
-79.02009449,36.08800865
-83.10164355,35.10150588
-82.96628296,35.0184946
-83.51767405,35.32358561
-83.52432308,35.32579267
-81.08726856,35.30281703
-83.5183733,35.33308421
-82.74068131,35.03447273
-82.23813693,35.27125104
-79.97846046,33.20445298
-79.77378391,33.17495087
-80.01711479,33.16533125
-80.33254432,33.22065263
-83.09669962,35.02026886
-80.10396757,35.53667377
-80.06418012,35.43791574
-79.99768022,33.1627026
-81.87014976,36.03227969
-83.4579534,35.26877573
-83.18563576,35.10964208
-80.47928344,33.49400957
-78.88498428,36.18091266
-83.52583767,35.32822822
-82.26163771,35.39574469
-82.62561317,35.17736466
-82.97861689,35.07592326
-83.81090891,35.51610415
-83.81211292,35.50973245
-83.92372671,35.51901622
-83.44449512,35.72757664
-81.70989801,35.56838943
-80.5448056,32.70488646
-81.14774161,36.01545626
-82.23287529,35.27151153
-79.80453845,35.23471265
-82.97787845,35.0270413
-82.98402965,35.01286842
-82.98187,35.06159385
-82.99155751,35.02154998
-82.9798579,35.07690075
-82.97969125,35.06410323
-82.99108107,35.05453417
-82.97335848,35.03832621
-82.97194353,35.0032741
-83.03604974,35.08081112
-83.00043131,35.0678744
-82.96638133,35.00326881
-82.96253085,35.02900207
-83.02594793,35.06541661
-83.01037266,35.09127521
-83.01097344,35.07174723
-82.98098472,35.0125706
-82.96777937,35.01973719
-82.97471085,35.01407809
-82.98588632,35.06735597
-80.3342839,33.19631126
-83.51913592,35.32087494
-83.85589282,35.52562917
-80.78429735,33.81359814
-83.10037175,35.10146063
-83.09910135,35.09826132
-83.09985236,35.09991042
-83.10105768,35.10070149
-83.09978877,35.10095439
-81.30100829,35.21079036
-75.66112357,35.98790348
-83.14158193,34.99705263
-83.06774696,35.00615222
-83.10502613,35.01257858
-83.13995039,35.01614825
-83.10095188,35.00250824
-79.82208812,35.49900587
-80.09384038,35.35699253
-80.03186416,35.43512544
-80.06520864,35.44385215
-83.10627437,35.28802121
-83.0254472,35.23069713
-83.3582691,35.08615101
-83.37043673,35.03135447
-83.1082416,35.30514596
-81.77789718,36.10152287
-81.09623314,35.29073756
-95.06292888,31.43815114
-95.485082,30.65394531
-85.09851325,34.63470705
-85.00864342,30.64816271
-86.97254576,32.7760058
-87.05040938,32.68797422
-79.3295404,35.6831839
-81.09264399,35.30200032
-81.3851192,36.43498712
-84.00066913,35.45480661
-84.24455877,35.35319313
-85.43662558,34.68873077
-84.67631527,30.36105657
-94.25988594,31.38707424
-77.13559139,35.03228687
-79.97605151,33.20629854
-77.13548423,35.02715928
-80.48012002,33.49252002
-77.13800047,35.03470134
-77.13373116,35.02714361
-77.55762113,34.84327995
-77.13844661,35.03131772
-79.34703076,35.97502829
-79.31984927,35.5373584
-79.18890709,35.62263128
-78.85712038,35.11764157
-79.33191386,35.68083877
-79.39025824,35.72130999
-79.43983034,35.99019112
-79.10449769,35.72909334
-79.56390348,36.05474552
-78.98713573,35.5422142
-78.85724323,35.11549535
-78.86500216,35.0880659
-78.86465083,35.08817942
-78.48719266,34.56981685
-78.66644268,36.00219257
-78.7352374,35.83952217
-79.01797942,35.9835922
-79.15526046,35.6187371
-79.05569426,35.98472452
-78.88543139,36.206678
-76.77207681,36.31737484
-76.77339001,36.31982779
-76.80686395,36.31577582
-87.03971085,33.05864518
-85.72252761,33.51966612
-85.51607105,33.85746043
-85.64273034,32.46460243
-87.03755811,33.05887068
-85.72530237,33.52071531
-85.68565742,33.71031084
-87.03785242,33.05933048
-87.07912117,33.01872884
-79.00559415,35.98112039
-79.03527433,35.99353797
-84.15919048,35.52602023
-77.1820963,34.81811719
-83.59813714,33.12595032
-83.70290095,33.23407635
-83.60288948,33.15809814
-83.28077623,33.7510344
-83.45391024,33.35092925
-83.29125415,33.72249939
-83.6353766,33.18615617
-83.25714657,33.59546985
-83.54202746,33.18352549
-83.71613326,33.02932405
-83.51383722,33.28157048
-83.38677041,33.41987983
-90.633174,34.59949254
-87.39142077,32.9326239
-87.00953084,32.75628762
-87.00396774,32.91353875
-90.67496951,34.67971057
-87.00615776,32.90948488
-86.98909708,32.73908746
-90.63267965,34.59734474
-86.99932797,32.91206271
-93.8836703,31.55635627
-87.46950812,32.87940853
-87.00832874,32.91227649
-87.18415641,34.36578586
-87.37663073,34.33307253
-87.25351117,34.20149758
-87.18266159,34.3556719
-87.18604072,34.36740914
-87.25494195,34.20056234
-87.18437749,34.3657801
-87.39004231,34.34164951
-87.18282607,34.360726
-80.01363073,35.43542487
-77.44790326,36.32574061
-77.53037034,36.30169705
-77.53071453,36.30049451
-77.45058721,36.32639927
-77.44635199,36.32723236
-77.11009528,35.8952811
-77.11221477,35.88783373
-77.52966352,36.30468029
-77.52956006,36.30562572
-77.44613053,36.3251479
-77.13504663,35.02753037
-77.18569317,34.8185315
-77.454182,34.68078254
-77.18148067,34.82083691
-84.63412029,34.96686908
-85.16594051,34.52655653
-81.08930268,35.30055398
-81.09372236,35.30477506
-85.7655405,33.70083722
-85.5997431,33.72669918
-85.59792012,33.72261969
-85.86691143,33.45893545
-87.07469066,33.01870966
-85.87043424,33.45927415
-85.55982054,33.87757853
-85.57240962,33.87905602
-85.58467169,33.71695887
-85.6711984,33.62351282
-85.59219394,33.74344979
-85.83631865,33.44090155
-85.86725875,33.45712528
-82.84514033,34.9651929
-82.84369093,34.96616797
-84.53738234,35.097661
-93.93679911,31.56364951
-93.89704815,31.54530449
-87.50139068,32.9855909
-87.18714893,32.79368409
-87.36900155,34.21366035
-87.29121795,34.12266857
-87.3699697,34.21640227
-87.25329254,34.199437
-87.29363634,34.12468309
-87.23171431,34.21193425
-87.23064046,34.21490769
-79.80554775,35.2352276
-80.09832824,35.35184557
-80.08683329,35.41803176
-80.06838859,35.44487471
-80.0904189,35.40559943
-80.08703189,35.41070811
-80.09768023,35.33191888
-85.23457324,34.5739671
-85.23572602,34.59234543
-83.33324372,34.63872482
-85.12742592,34.5709532
-83.38372675,34.52692251
-85.25469729,34.52250787
-85.2356989,34.58870593
-83.31237262,34.56302007
-79.48930614,33.93945832
-79.48066404,33.93684409
-83.45653697,35.27017289
-80.11451408,36.38089966
-80.5015308,36.25253715
-80.29176704,36.4233837
-79.47771156,33.9333345
-79.75709426,36.25330279
-79.54654285,36.22206029
-78.52055811,34.60025367
-81.34556167,36.46270031
-81.34518116,36.4633887
-81.74569934,35.96499797
-81.74484569,35.96728156
-81.86961089,36.03196809
-82.20669595,35.74868478
-81.89781697,35.85005452
-81.92158875,35.9207346
-81.91365185,35.91736634
-81.89248424,35.85473768
-81.90224837,35.83267729
-81.89727969,35.8473709
-81.90542667,35.85369054
-81.90316587,35.85252688
-82.89415969,35.38787716
-82.80965255,35.36320283
-82.92782535,35.37277266
-82.81430825,35.36347961
-82.81887992,35.36389598
-82.81601229,35.36319427
-82.93812314,35.37472169
-82.81407628,35.35622634
-82.8242932,35.35756741
-82.84979716,35.4025428
-83.9257375,35.36402891
-82.86070336,35.40314801
-82.818198,35.37274901
-82.81889213,35.37526768
-83.92647667,35.36290683
-83.92930528,35.3663435
-83.94655524,35.3714865
-83.95692019,35.37028431
-83.93336512,35.36472075
-83.93286333,35.36413806
-83.94342337,35.37187575
-83.93001004,35.367804
-83.96858321,35.46126375
-83.94821876,35.36111119
-83.97735496,35.4411545
-83.97462017,35.45454773
-84.00159881,35.41798459
-83.86208999,35.58918158
-83.83421583,35.54570582
-83.49924116,35.59870085
-83.86830098,35.58686807
-83.92022369,35.60423184
-82.39990156,36.07534593
-82.40367554,36.07743599
-82.43332639,36.09795268
-82.43673481,36.09726657
-83.19749166,35.10759043
-83.2413195,35.08269926
-83.03968398,35.29251527
-83.8339429,35.5250334
-83.80249431,35.54085499
-83.8061608,35.54138785
-83.24862054,35.03204953
-83.1113079,35.38241421
-83.10937085,35.38559309
-83.12328647,35.38318081
-83.12520648,35.39012641
-83.10196479,35.39801727
-83.11115547,35.38476545
-83.11266072,35.38085545
-83.1079298,35.38410158
-83.11240974,35.38420288
-83.10731205,35.38638322
-83.88969946,35.58858132
-83.92711173,35.56390235
-83.92353635,35.57147934
-83.93793249,35.53527826
-82.3515885,35.76517107
-83.87425205,35.62478619
-83.87162858,35.55651041
-82.4236969,35.67064676
-83.86431144,35.58453561
-83.84652975,35.61068849
-83.52303607,35.33233908
-82.38047861,36.07020894
-82.72313715,35.38281911
-82.62034229,35.12277351
-83.56615566,35.22942586
-81.93111623,35.94357578
-83.56455402,35.22585595
-83.57895488,35.17640756
-83.63675907,35.18898901
-83.63753324,35.18820823
-83.60998734,35.19464714
-83.99092296,35.45162941
-83.95132047,35.37806682
-83.98930964,35.44831301
-83.99888524,35.43944572
-84.01352831,35.42381731
-84.01965917,35.42988169
-83.97138823,35.37536172
-83.95686444,35.37407145
-84.02013825,35.42856599
-83.98931241,35.4553067
-83.98526298,35.44836731
-83.95922126,35.38117107
-83.95718201,35.36745112
-83.9602417,35.38073019
-83.99967152,35.4518233
-83.02557277,35.08705807
-82.77245305,35.39269139
-82.7699275,35.39216583
-82.2195285,35.79547518
-83.03562973,35.42836379
-83.47927976,35.05681039
-82.3038056,35.78461506
-82.41337646,35.6793728
-82.17770005,35.83712628
-82.18416751,35.82808832
-82.17801167,35.8382159
-82.18589161,35.81602268
-81.92128089,35.92051059
-82.20877811,35.75497385
-81.91427463,35.85168649
-81.92127881,35.92609676
-81.91597961,35.85884218
-82.1297697,36.3061248
-81.88630014,36.49805521
-83.81228139,35.50355723
-83.76697661,35.53084264
-81.15244369,36.42785216
-83.85668141,35.59689612
-83.81823094,35.52129883
-83.85830865,35.59702584
-83.77337149,35.53241876
-83.79963156,35.52972051
-81.48903162,36.45978816
-81.48579467,36.46172402
-81.46496252,36.40738159
-81.55030828,36.39947465
-81.55253804,36.39753686
-81.82376297,36.00458318
-82.17110573,35.76188011
-82.16730241,35.75762689
-83.4009791,35.74555706
-83.44334169,35.73026691
-83.38430108,35.71625285
-83.80455164,35.54037022
-83.80258019,35.5476689
-83.38643752,35.70655141
-83.03920976,35.29256211
-83.5122952,34.85005086
-83.61105393,35.34232315
-83.61178164,35.34079054
-83.57902521,35.03325262
-83.5920344,35.32884079
-83.57839782,35.031547
-83.47793732,35.02142075
-83.30002549,35.08356707
-83.50821986,35.07220368
-83.52246778,35.09276566
-83.6175023,35.0671325
-83.41717801,35.03286659
-83.61620936,35.06801159
-83.65910895,35.27970967
-83.41461078,35.03379558
-83.43923226,35.02198828
-83.5363041,35.07334711
-83.55018655,35.04014921
-83.479134,35.01140151
-81.73700162,35.63057963
-81.60786691,35.59554699
-81.73116121,35.54769434
-81.78477707,35.55704307
-81.74704938,35.96462775
-81.74259572,35.63668636
-82.10181587,35.74518627
-81.84201106,35.91455074
-81.74561587,35.96286021
-94.31275306,31.34934658
-94.27980177,31.35477722
-79.80887809,33.12907391
-83.8564866,35.58538922
-83.85669328,35.5825127
-83.8480663,35.6162035
-83.85580598,35.58619547
-82.39925798,36.07892749
-82.43456744,36.09844204
-82.43199135,36.10000194
-83.51673573,35.32354223
-83.4561467,35.26922316
-83.48724755,35.28568982
-81.82001611,36.01855262
-83.19882978,35.09809964
-83.51861991,35.32026036
-83.1992723,35.1015494
-83.20126706,35.10109976
-83.52268959,35.31250096
-83.45841609,35.26815451
-83.52031313,35.3232711
-83.19959202,35.10152255
-83.19936368,35.09825426
-83.17701104,35.07547959
-83.17220389,35.08178939
-83.1752804,35.08193725
-83.1750684,35.0797865
-83.17479757,35.08147774
-83.17725957,35.07371043
-83.17695304,35.07871748
-83.1753395,35.07656232
-83.1785535,35.07114504
-78.91385898,35.76295761
-78.92975679,35.47332374
-78.91824777,35.76345492
-79.44101253,35.37664458
-78.91939828,35.76654917
-83.31318863,34.9165286
-83.3319044,34.9133622
-83.13042011,34.94729036
-83.31316003,34.86945727
-83.21414385,34.88159268
-83.20941182,34.94853436
-83.34975381,34.78485666
-83.17185597,34.90664801
-83.30847299,34.91015237
-83.25819288,34.88760868
-83.24125628,35.02308719
-83.24527081,35.03907107
-83.10823289,35.01933149
-83.34421918,34.90845676
-83.16535281,34.93908024
-83.1764015,34.92854372
-83.16480456,34.94942394
-83.30263219,34.80947342
-83.30826531,34.79004446
-83.26447815,34.94150875
-83.25829959,34.82986263
-83.22337998,34.86826205
-83.16500474,35.03966776
-83.30310188,34.77451804
-83.31708065,34.81601132
-83.37366337,34.75866697
-83.20319563,34.90552273
-83.14920705,35.01966623
-83.10519649,35.0165511
-83.16406475,35.0191799
-83.30317037,34.76367204
-83.38005112,34.77031459
-83.31275623,34.81255145
-83.27076779,34.88796019
-83.25346792,35.03347532
-83.21827856,34.89399192
-83.30039758,34.80081973
-83.29897587,34.80711428
-83.2355424,35.01176714
-83.29660611,34.86986721
-83.09652512,35.02551966
-83.3619632,34.81185548
-83.18013009,34.95367612
-83.3799242,34.80853432
-83.3434889,34.9152972
-83.37210372,34.7640313
-83.18407317,34.95536448
-83.17827506,35.05565009
-83.37079014,34.75220882
-83.30577016,34.85058203
-83.09972437,35.09891802
-83.2182488,34.96889164
-83.15901665,34.92922748
-83.23125832,34.92626242
-83.23276365,34.93965278
-83.16423884,34.92629705
-83.05627772,35.01026709
-83.36113329,34.77641207
-83.36962307,34.75956847
-83.30450655,34.89990014
-83.3647111,34.7662494
-83.36839379,34.78079632
-83.31342941,34.75991222
-83.16825317,34.9073812
-83.09060087,34.96533791
-83.12386578,34.918098
-83.07406215,34.98797667
-83.25263276,35.01813246
-83.16838289,35.01323212
-83.0738513,34.97604154
-83.04582712,35.01347135
-83.16113963,34.9745465
-83.24430337,34.94241966
-83.09829497,35.09828127
-83.2811362,34.99186073
-83.21364834,34.95463159
-83.15841479,34.95186403
-83.37101273,34.78033924
-83.09977647,35.10089504
-83.28230468,35.00265392
-83.26840234,34.9993533
-83.28248656,34.92394571
-83.10132325,35.09854699
-83.1768454,34.89808196
-83.32857643,34.88228755
-83.3122496,34.772262
-83.12078589,35.06156103
-83.10388912,35.02066209
-83.24896726,34.84044416
-83.287568,34.77215479
-83.35616767,34.77527188
-83.34997048,34.77796647
-83.30187035,34.76433066
-83.16471029,35.00744983
-83.28317894,34.7637064
-83.28272915,34.86305019
-83.36439789,34.77711606
-83.35981234,34.8174362
-83.35442228,34.80504419
-83.30592015,34.83751648
-83.32306354,34.80859502
-76.45166121,36.07305236
-77.14925004,36.05956349
-76.67620833,36.43021995
-76.67413192,36.43216001
-76.05898437,36.38286654
-76.6758495,36.43537701
-81.07850879,36.3863756
-81.03550072,36.05276644
-79.55534844,36.20550653
-78.9332929,36.14299068
-78.74464874,35.64093695
-80.11252077,36.37993582
-81.03770287,36.0522351
-80.46920114,36.34168607
-78.94101364,36.14251249
-78.88857553,36.20320961
-81.05727995,36.38861202
-79.00271799,36.02082133
-79.0280512,35.87830414
-80.25529306,36.40838088
-80.26067534,36.39710046
-79.79014604,33.34266456
-76.85269153,36.28139846
-76.85063611,36.28199001
-79.54194433,33.24182257
-85.70257665,33.51107489
-85.83924333,33.37372133
-85.55841603,33.78705885
-85.71234454,33.52172311
-85.80647137,33.49393726
-85.80887081,33.49392394
-85.62272202,33.83513996
-85.83959545,33.37171592
-85.52947937,33.7962711
-85.56145552,33.72928065
-85.84326823,33.44249933
-85.60094075,33.69360702
-85.58302045,33.82863555
-85.71170861,33.52039639
-85.64266575,33.72103025
-85.73152611,33.71917102
-85.67294635,33.62309248
-85.75666586,33.71210087
-83.97568056,35.56157327
-83.92021997,35.60580045
-83.8841928,35.62545634
-83.86770396,35.53271776
-83.97227963,35.55938297
-83.89245931,35.58604034
-83.91123557,35.55320244
-83.97577865,35.55707741
-83.90347146,35.60321279
-83.88176704,35.66450943
-83.92277057,35.57177697
-83.97526902,35.55752073
-83.86585037,35.62215669
-83.97331956,35.55401884
-83.90468861,35.59569664
-83.89440242,35.58914463
-83.97064118,35.5608218
-83.52043834,35.33355298
-83.52275585,35.33229577
-81.38267347,36.42644736
-81.38297139,36.43460849
-81.38244823,36.43355161
-83.52120182,35.32569498
-83.51996996,35.32676668
-81.37992396,36.43272787
-83.51921711,35.33198456
-83.52324186,35.32655169
-82.76555115,35.3606679
-82.77624797,35.35227054
-82.91120823,35.08359234
-82.95491565,35.09793577
-82.90337662,35.08611706
-82.90462429,35.08141524
-83.00476559,35.02746386
-82.89411152,35.09255561
-82.89102135,35.0998025
-82.94212504,35.07689606
-82.94970964,35.08752245
-82.75665027,35.36889176
-82.84373086,35.16277703
-83.04113623,35.00585302
-82.81340671,35.04294015
-82.95458559,35.06648405
-82.95551846,35.09658536
-82.91736543,35.09069641
-80.49204261,36.26423085
-80.29207598,36.42224514
-80.46414193,36.33910233
-79.68795535,35.05794494
-79.68744798,35.05666868
-81.82253662,35.91386789
-83.5975001,35.21402008
-81.84689454,35.93564871
-81.8145719,35.92019308
-81.9032651,35.85245434
-83.61169405,35.19282536
-81.85861728,35.9568621
-81.82455506,35.90354842
-81.83132773,35.88917864
-83.57642523,35.24390018
-81.80946712,35.90047393
-83.5752553,35.19530775
-83.57120494,35.19441384
-83.58505508,35.21009099
-83.572073,35.23319523
-83.56621437,35.19350818
-81.81389388,35.88282977
-83.63801833,35.17663571
-83.58489495,35.2099051
-83.60919332,35.18850314
-83.59346862,35.23272791
-81.86995044,35.95219638
-83.57339682,35.20642685
-81.83294313,35.90046596
-83.61099698,35.1804743
-83.60270742,35.21886339
-83.63722839,35.18174394
-83.59711957,35.18236145
-81.81913578,35.90348937
-83.6339918,35.19553314
-83.59124451,35.19234792
-81.82108235,35.91655713
-81.81540354,35.87935991
-83.22494846,34.93582246
-83.31144943,34.79651387
-83.3028216,34.77486448
-83.31040865,34.79335274
-83.25584317,35.02806544
-83.32480492,34.78309404
-83.29564667,34.80529067
-83.35655469,34.7907969
-83.22605191,34.89546807
-83.07344588,34.98710634
-83.32180737,34.82217106
-83.30205966,34.85142911
-83.33312452,34.77471232
-83.25121424,35.03271494
-83.26877399,34.93194494
-83.31959575,34.75614003
-83.3282169,34.78459945
-83.19813454,34.92527861
-83.36486809,34.79332761
-83.29420267,34.86225197
-83.30853279,34.77601667
-83.33586141,34.77986618
-83.28191549,34.88944488
-83.27561797,34.89481701
-83.2396043,34.9202895
-83.1467117,34.90715815
-83.27768164,34.89046003
-83.29432583,34.84734639
-83.19775738,34.92816124
-83.31266052,34.95035774
-83.29247971,34.86400963
-83.29668108,34.86190759
-83.31560633,34.94720219
-83.16995014,34.94405085
-83.19786347,34.9282077
-83.29274221,34.8489201
-83.35595699,34.81028308
-83.16925933,34.93446955
-83.30832368,34.95331429
-83.32776838,34.93945707
-83.1122962,35.0033373
-83.38403148,34.81975278
-83.28997949,34.77887189
-83.13371928,34.92068987
-83.10946853,35.05163563
-83.13187065,34.93792332
-83.33817078,34.79684794
-83.37908368,34.81190915
-83.12012913,34.92530374
-83.23260326,34.99328992
-83.32576749,34.78581025
-83.16049855,34.9545058
-83.32880554,34.78589696
-83.1015613,34.94255671
-83.31342692,34.81387735
-83.30446852,34.81785993
-83.33474767,34.77426081
-83.12681242,34.97195613
-83.34878765,34.82338604
-83.33994697,34.77680669
-83.35513543,34.77985002
-83.29900719,34.97386352
-83.30406932,34.77533317
-83.15655055,34.93901467
-83.15984763,34.93881537
-83.1108895,34.95010929
-83.32921454,34.79360734
-83.30814023,34.76621719
-83.36061163,34.77681815
-83.3189297,34.88986412
-83.11966538,34.97242427
-83.33815071,34.77653538
-83.32300181,34.76734301
-83.36132197,34.77598212
-83.11494781,34.94792985
-83.35466162,34.80801341
-83.31461051,34.81891908
-83.33178677,34.78583143
-83.08279545,34.98210713
-82.25485108,35.39889812
-82.27262559,35.40584715
-82.58165401,35.20604577
-82.58028969,35.2025758
-82.25808003,35.40148596
-82.27940154,35.44727971
-82.29238776,35.2714786
-82.62376837,35.1777391
-82.27464315,35.39954539
-76.94563513,35.82767199
-76.94420411,35.82626001
-77.09057868,35.94703975
-77.13338707,35.96958677
-76.95417345,35.83471979
-76.94568309,35.82478299
-76.94200871,35.83529628
-82.83299282,34.98024439
-79.01296286,35.88477062
-79.06397578,35.9789438
-82.99005916,35.07364046
-82.98757908,35.02415943
-83.01144336,35.09450711
-83.02793067,35.06714307
-83.03214641,35.06884782
-82.98705032,35.01939294
-82.98104629,35.05286698
-82.98630995,35.05379021
-83.02663744,35.07389211
-82.98081146,35.05167532
-82.98844609,35.06999773
-82.9776384,35.08130869
-83.02728971,35.07284767
-83.00834251,35.06790161
-82.98899575,35.064283
-83.0144683,35.06855145
-83.00874248,35.08668698
-83.01866124,35.06951729
-82.98322413,35.02173989
-83.00263953,35.06537648
-82.99323094,35.06219714
-83.01193027,35.08255694
-83.00240121,35.04336265
-82.96180866,35.0146331
-83.00882201,35.07308489
-83.00850363,35.08399559
-82.99558823,35.04115314
-83.00614669,35.06865675
-83.0300648,35.06997213
-82.98576741,35.06034391
-83.00818013,35.08954934
-83.01906716,35.07262043
-82.99866556,35.05466595
-83.0188577,35.07790139
-82.97113201,35.03909042
-82.97394458,35.01288512
-82.99157526,35.07717094
-83.01642442,35.0665578
-83.02670952,35.06200094
-82.97322042,35.00112921
-83.01949519,35.06047435
-83.03333792,35.0754079
-83.01845785,35.07100414
-83.0193106,35.06142114
-83.0251909,35.07399641
-83.1838871,35.10710305
-83.46424431,35.02963495
-82.75361157,35.3999378
-82.19030576,35.83384493
-82.20255836,35.79267093
-82.1761273,35.82350018
-82.1826703,35.84694818
-82.38562331,35.7435485
-84.61455133,35.1135651
-84.64034838,35.06579197
-84.63742257,35.0581898
-89.34314755,34.73293449
-84.59974866,35.15043365
-89.13272788,34.73142043
-89.43728978,34.43931622
-76.97386937,35.00175769
-84.59978396,35.15323504
-84.53320185,35.03455484
-82.88599216,36.0085562
-89.13184194,34.7344775
-89.13242677,34.73277251
-84.42964255,35.18861509
-89.13150286,34.73161405
-89.13198167,34.73375068
-77.15570098,34.8047139
-95.15886217,31.56709696
-76.85509826,34.91808667
-84.43736662,35.32850767
-89.17621613,34.64594874
-89.0007549,30.73472164
-88.99969406,30.73607937
-90.98815593,31.42729216
-90.88662766,31.34957856
-83.25270717,33.63540971
-83.25664246,33.6550487
-91.00062258,31.50236581
-89.13384033,34.73161706
-87.00263068,32.76143338
-87.18210196,32.81336405
-93.90987908,31.70597988
-87.35640381,32.90234476
-86.97162802,32.77432646
-87.39982943,32.93778712
-87.21308891,32.81546292
-83.76185505,35.51109831
-83.75867154,35.50811516
-80.99791232,36.45492143
-82.60546744,35.08404931
-81.37995747,36.43664361
-80.99837378,36.45907497
-81.40875625,36.373491
-82.90892047,35.06828303
-82.95407346,35.0973228
-82.77471681,35.35429779
-82.39421886,34.99445963
-82.7872467,35.29767504
-82.91165649,35.07115816
-82.91715819,35.05411699
-82.77646737,35.35221332
-82.9163525,35.0512855
-87.36990605,34.21494294
-84.00384625,34.75464959
-87.45676963,34.33786102
-87.43456968,34.37630002
-87.44425331,34.35150463
-87.43876929,34.33057053
-87.13319809,34.24517348
-87.40144745,34.07970648
-87.34328123,34.31372899
-84.20898734,34.69654481
-84.20446816,34.68676909
-87.33420747,34.08707915
-84.05004719,34.75279231
-87.36183994,34.08575362
-87.1305304,34.24316116
-83.68819663,34.798594
-87.27516608,34.17458489
-84.16087485,34.6375174
-87.34297158,34.31286752
-87.43486966,34.37286296
-79.3655507,35.15559046
-79.81961608,35.49992777
-79.95370858,35.42648203
-79.8172546,35.50193765
-83.87178867,35.57821682
-83.82363489,35.60921219
-83.81926616,35.52426621
-83.81547014,35.55163895
-83.86073488,35.57966566
-83.80325225,35.60887148
-77.13730819,35.89665622
-77.17443358,35.92945698
-77.17391476,35.92947941
-77.13462152,35.89923842
-76.89469245,35.88850618
-76.89857043,35.88744639
-76.65708213,35.90905672
-76.68074276,35.91338203
-76.78391745,35.91797068
-76.68570424,35.90212653
-76.65971561,35.9122291
-83.31797361,34.94695846
-83.24307212,35.0333876
-83.25279351,34.96526417
-83.16923549,35.04757369
-83.16427655,35.04907239
-83.18053134,35.05200704
-83.31512955,34.94286163
-83.11482332,35.01539247
-83.07347423,35.01723185
-83.31033971,34.94968335
-83.07318384,34.98942062
-83.22406796,35.01306837
-83.20756934,35.01911863
-83.1078409,35.01811283
-83.13086265,34.91835091
-83.25618261,34.94587657
-83.16715499,35.01533024
-83.08754295,34.96322899
-83.25972757,34.93421253
-83.10408104,34.95162339
-83.07246326,34.99065812
-83.29129008,34.92852392
-83.23459563,35.03461571
-83.09838446,35.10081014
-83.25304405,34.94429666
-83.22816547,35.01643488
-83.07593454,35.03665322
-83.16863632,35.01748029
-83.10134709,34.96413272
-83.1668548,35.01135182
-83.24650782,34.99062611
-83.16082853,35.03510583
-83.33740403,34.92014785
-83.33244048,34.93431521
-83.16768608,35.01489922
-83.24711332,34.98774876
-83.15321913,35.07069337
-83.06444603,35.0100988
-83.23737127,34.99638228
-83.06230033,35.00101131
-83.06986413,34.9793326
-83.24913198,34.98773504
-83.23727711,35.013812
-83.15468186,35.03757101
-83.08036616,35.03768134
-83.05764172,35.00882929
-83.26426219,34.96430805
-77.45087789,34.68058662
-83.33724351,34.77455944
-84.31190023,34.5623239
-84.63981233,34.96105204
-84.24203676,34.66772492
-83.37503847,34.67680944
-84.31437447,34.56195742
-84.64774927,34.75022556
-83.37424891,34.75553909
-84.1780791,35.34833217
-84.68798184,34.81187572
-84.63837182,34.75767781
-84.62851828,34.86323178
-84.19331207,34.62636843
-84.21853946,34.64890061
-83.32513225,34.76645752
-83.34513204,34.66216805
-84.45831368,35.05688566
-84.45739954,35.06046268
-84.61384562,34.96733872
-84.33844521,34.73515989
-83.30201361,34.97314686
-84.31112794,34.56145411
-83.51467802,34.84860893
-83.34414387,34.77911355
-84.64856411,34.87904042
-83.40828601,34.49461837
-85.25983055,34.51358477
-85.23137397,34.57952859
-83.43119641,34.9005473
-85.26104452,34.51488539
-84.31326283,34.5629996
-81.40914058,35.65912364
-82.84339008,34.97833241
-81.67072158,35.56712047
-81.71640662,35.5793832
-81.91354909,35.83119796
-81.9147691,35.83060856
-81.9046883,35.94504888
-81.89176979,35.85679803
-81.8975269,35.94828587
-81.88997711,35.92903343
-81.88244299,35.85786331
-81.88851531,35.82475413
-81.92824058,35.93459177
-81.92523716,35.93439946
-81.88516886,35.91473912
-81.88627711,35.89870448
-81.88393836,35.82454488
-81.90047404,35.92079047
-81.88572621,35.90745403
-81.89546114,35.93299321
-81.91362426,35.86852261
-82.93694008,35.37423303
-82.8921119,35.38764627
-81.92600762,35.82477866
-83.97504762,35.46166587
-83.94921943,35.36259907
-83.5396849,35.08269495
-83.234719,35.23678281
-83.10086993,34.86468107
-83.56242539,35.04323707
-83.1501614,35.05457549
-83.62934668,35.08315807
-83.00684118,35.16804582
-83.19473889,35.03823594
-83.1529662,35.05586704
-83.19078019,35.03547308
-83.14849678,35.05409952
-83.62436823,35.08032541
-83.14187516,34.76546706
-80.78260596,33.81275985
-80.80119405,33.83096668
-80.77758333,33.81441691
-80.76636975,33.81542642
-80.7688181,33.81287391
-81.09879357,35.2911088
-81.27040843,35.23838074
-81.2681229,35.23600551
-81.09894484,35.29184959
-81.08715495,35.30279767
-79.53831356,33.24552589
-79.49665976,33.17733312
-82.62550349,35.1665851
-82.89765296,35.09103157
-82.89261012,35.10275962
-82.88812876,35.10067202
-82.89997599,35.0959932
-82.23662037,35.27483432
-82.88907816,35.09769835
-82.23239426,35.27454521
-82.89040008,35.10364916
-82.94058367,35.06862297
-84.01160267,35.42600236
-84.00024185,35.45575863
-83.98096997,35.46072852
-83.07369396,35.00336982
-83.14109957,35.01463035
-83.07826494,34.98111306
-83.12360634,34.97747872
-83.10503636,34.99984817
-83.123278,35.00941767
-83.13247142,34.99956572
-83.11147548,35.01456272
-83.0969253,35.01358653
-83.14033054,35.00132818
-83.13236609,34.99686755
-83.09736974,34.99619624
-83.09225464,34.99566467
-83.07237675,35.01899865
-83.06332073,35.0150405
-83.11459056,34.99817284
-83.09134344,34.98715407
-83.06911823,35.00643554
-83.12587288,34.97870999
-83.12793383,34.99647661
-83.09977012,35.02038692
-83.12665658,35.00835359
-83.12451898,35.01056742
-83.10860317,35.0172977
-83.0996398,34.99482052
-83.10868177,34.99647538
-83.09094964,34.97640679
-83.0799112,34.99994274
-82.23565667,35.26319497
-82.86332096,35.92841614
-82.3297031,35.2698087
-82.8300818,34.97759396
-82.84606065,34.98658234
-82.83879832,34.98000262
-82.84414283,34.97906665
-82.8460119,34.98588414
-82.83262413,34.97617342
-82.82940464,34.98189064
-81.89884639,36.02307564
-81.90777497,35.90622655
-81.91276109,35.85675967
-81.9148454,35.85821084
-81.91436674,35.85088707
-81.92299644,35.93678504
-81.9163127,35.85986008
-81.91353755,35.8526167
-81.91244929,35.8507939
-81.88986008,35.93140111
-81.90722941,35.90262781
-81.90804494,35.85987845
-81.89177712,35.93831115
-89.25202686,34.77037004
-81.46698221,36.40442672
-79.95546127,35.47244309
-79.90762086,35.62653386
-80.08256953,35.421277
-80.32939901,35.5294964
-80.04315805,35.40423576
-80.05728039,35.43200726
-80.07642313,35.37421926
-80.04770745,35.40854052
-80.32443002,35.52430073
-79.91062591,35.61867271
-80.07767777,35.35809329
-80.04920742,35.40693915
-80.0582539,35.31207969
-80.03540327,35.42030159
-79.95381118,35.48068175
-80.06398234,35.4336395
-81.83198731,36.03909403
-80.27030169,35.51713596
-81.94102892,35.91799741
-79.97072708,35.31605768
-80.06814865,35.39978716
-81.94470851,35.91987257
-81.76950704,36.02052392
-83.02426764,35.16220282
-83.17981687,35.03844515
-83.1220911,35.33271363
-83.16790836,35.31561592
-83.27924665,35.05235687
-84.16616493,35.32206191
-81.15908386,36.01412959
-83.10819735,35.30679958
-83.62005621,35.0842998
-83.02549982,35.22978259
-83.34345712,35.09764393
-83.35690361,35.08741068
-83.37311583,35.03186544
-83.34491537,35.09515973
-83.61820442,35.08018684
-83.28609278,35.03616678
-83.61943716,35.08244479
-83.61744607,35.08660737
-83.53780577,35.07627171
-83.53237537,35.08154625
-83.62050045,35.08388824
-83.52134043,35.33494089
-82.77519689,35.35439752
-82.62647212,35.17784801
-82.58080234,35.30549953
-84.43442379,35.32522567
-84.43785907,35.32530749
-87.29447381,32.99207704
-78.23938494,33.92733543
-82.33680432,35.21704146
-83.58488618,35.17433683
-83.37962916,34.67750795
-84.60612787,35.10169662
-84.67191719,34.86263271
-83.4219711,34.50550163
-83.14992965,34.95751521
-84.65046211,34.74417918
-81.33738118,36.46309312
-77.14126459,34.8039825
-89.43784653,34.43935189
-87.3883931,32.94474312
-87.39642163,32.93588469
-79.46884747,33.21060866
-79.48573605,33.93915999
-80.54777484,32.70884199
-80.33257067,33.22130956
-83.42246683,34.4838386
-83.35564754,35.08817506
-95.38739761,30.6202274
-95.39116795,30.62336696
-83.29177773,34.96239679
-83.29049992,35.03169505
-84.63918141,34.76187911
-90.64114438,34.58378559
-90.68738199,34.66276547
-83.19961334,35.09845682
-83.19853605,35.09911157
-83.19841189,35.09836296
-81.48173172,36.46050167
-83.0784185,35.24413378
-83.19185243,35.03780006
-83.50922966,34.84298409
-83.44082202,34.89485908
-83.19848263,35.10004439
-83.28168627,35.03515589
-83.33438424,34.77389206
-83.15990428,35.05871807
-89.13524749,34.73534779
-89.13376155,34.73515201
-87.13269977,34.24310104
-81.3255771,32.57949362
-80.38575814,33.03358391
-84.1916512,34.63333275
-87.29537779,32.99181063
-95.18816912,30.43957375
-83.31494678,34.80128667
-82.85136332,31.73395153
-83.37337524,35.03200626
-85.64812774,33.71876754
-83.26899679,34.82433013
-90.64166904,34.58457131
-78.94961885,35.10893097
-84.67327057,30.36175998
-83.31419402,33.66238953
-95.67610893,30.51043111
-95.38354439,30.62041276
-83.3877605,34.53004173
-83.26909925,34.82348008
-83.6855088,33.25453314
-84.66189479,30.14490934
-83.44136012,34.89821188
-84.33001059,34.78081127
-83.20075719,35.09856296
-83.08672398,35.062496
-82.27425493,35.39883869
-94.8653363,31.19870487
-95.22229538,31.34981377
-95.06322872,31.43679988
-88.96715586,30.9190645
-95.42972156,30.7209038
-83.40829135,35.7324527
-81.4798569,36.45869235
-84.62771403,34.8643636
-83.09825311,35.1362073
-87.1760091,32.80563091
-87.22538912,34.21194125
-89.0254692,34.85593489
-81.81074051,35.89755209
-89.19193663,34.66343878
-84.64770514,34.86811835
-87.34364862,34.31469415
-83.07353784,35.01805116
-89.13151295,34.73379752
-83.51848958,33.20015111
